name,day1
Alice,Le Petit Gourmet
Bob,Le Petit Gourmet
Charlie,Le Petit Gourmet
David,Le Petit Gourmet
Eve,Le Petit Gourmet
Frank,Le Petit Gourmet
Grace,Le Petit Gourmet
Henry,Le Petit Gourmet
Ivy,Le Petit Gourmet
Jack,Le Petit Gourmet
Katie,Le Petit Gourmet
Leo,Le Petit Gourmet
Maggie,Le Petit Gourmet
Nate,Le Petit Gourmet
Olivia,Le Petit Gourmet
Peter,Le Petit Gourmet
Quinn,Le Petit Gourmet
Rachel,Le Petit Gourmet
Sam,Le Petit Gourmet
Tara,Le Petit Gourmet
Umar,Le Petit Gourmet
Vicky,Le Petit Gourmet
William,Le Petit Gourmet
Xena,Le Petit Gourmet
Yasmine,Le Petit Gourmet
Zach,Le Petit Gourmet
Amelia,Le Petit Gourmet
Brian,Le Petit Gourmet
Chloe,Le Petit Gourmet
Dexter,Le Petit Gourmet
Emma,Le Petit Gourmet
Felix,Le Petit Gourmet
Giselle,Le Petit Gourmet
Hugo,Le Petit Gourmet
Iris,Le Petit Gourmet
Jake,Le Petit Gourmet
Lara,Le Petit Gourmet
Max,Le Petit Gourmet
Nora,Le Petit Gourmet
Oscar,Le Petit Gourmet
Paula,Le Petit Gourmet
Quincy,Le Petit Gourmet
Ruby,Le Petit Gourmet
Steve,Le Petit Gourmet
Tina,Le Petit Gourmet
Ulysses,Le Petit Gourmet
Valerie,Le Petit Gourmet
Wade,Le Petit Gourmet
Xavier,Le Petit Gourmet
Yara,Le Petit Gourmet
